{"cameraMode":{"drawMode":0,"name":"Shaded","section":"Shading Mode"},"sceneLighting":false,"audioPlay":false,"sceneViewState":{"showFog":true,"showMaterialUpdate":true,"showSkybox":false,"showFlares":true,"showImageEffects":true,"showParticleSystems":true},"in2DMode":false,"pivot":{"x":0.0,"y":0.29999977350234988,"z":2.1600000858306886},"rotation":{"x":0.1320294439792633,"y":0.2398197054862976,"z":-0.03294019028544426,"w":0.9612342715263367},"size":3.408907890319824,"orthographic":false}